,score,deep_sleep,efficiency_x,latency,rem_sleep,restfulness,timing,total_sleep,average_breath,average_heart_rate,average_hrv,awake_time,bedtime_end,bedtime_start,deep_sleep_duration,efficiency_y,latency_duration,light_sleep_duration,low_battery_alert,lowest_heart_rate,period,readiness_score_delta,rem_sleep_duration,restless_periods,time_in_bed,total_sleep_duration,readiness_activity_balance,readiness_body_temperature,readiness_hrv_balance,readiness_previous_day_activity,readiness_previous_night,readiness_recovery_index,readiness_resting_heart_rate,readiness_sleep_balance,readiness_score,readiness_temperature_deviation,readiness_temperature_trend_deviation,day_minus_one
0,85,95,95,81,99,53,66,96,14.625,54.375,59.0,3301.0,2024-07-06T08:44:09-07:00,2024-07-05T23:18:38-07:00,5190.0,90.0,1290.0,16950.0,False,48.0,0.0,0.0,8490.0,475.0,33931.0,30630.0,77.0,100.0,0.0,0.0,86.0,100.0,97.0,0.0,90.0,-0.06,,2024-07-05
1,77,72,95,72,96,59,43,88,14.875,58.375,67.0,3306.0,2024-07-07T09:12:08-07:00,2024-07-07T00:26:02-07:00,3810.0,90.0,330.0,17430.0,False,46.0,1.0,0.0,7020.0,408.0,31566.0,28260.0,93.0,96.0,0.0,100.0,78.0,83.0,91.0,0.0,88.0,-0.36,,2024-07-06
2,70,87,90,91,73,55,83,56,14.75,55.375,59.0,2911.0,2024-07-08T06:42:01-07:00,2024-07-08T00:13:00-07:00,4620.0,88.0,1080.0,10770.0,False,47.0,0.0,0.0,5040.0,347.0,23341.0,20430.0,80.0,100.0,0.0,0.0,70.0,73.0,95.0,0.0,79.0,-0.09,-0.13,2024-07-07
3,78,89,95,91,95,54,77,72,14.375,54.125,61.0,2584.0,2024-07-09T07:33:33-07:00,2024-07-09T00:05:59-07:00,4740.0,90.0,720.0,12990.0,False,46.0,0.0,0.0,6540.0,366.0,26854.0,24270.0,90.0,84.0,0.0,93.0,79.0,85.0,93.0,86.0,87.0,0.28,0.06,2024-07-08
5,67,88,76,67,67,58,61,64,15.0,64.25,75.0,4858.0,2024-07-10T08:16:58-07:00,2024-07-10T00:44:00-07:00,4680.0,82.0,1590.0,13020.0,False,44.0,1.0,0.0,4620.0,236.0,27178.0,22320.0,93.0,100.0,0.0,92.0,65.0,86.0,87.0,70.0,81.0,0.03,0.18,2024-07-09
6,77,97,83,75,69,68,79,77,14.875,57.75,66.0,4500.0,2024-07-11T08:07:03-07:00,2024-07-10T23:47:03-07:00,6870.0,85.0,360.0,13890.0,False,47.0,0.0,0.0,4740.0,309.0,30000.0,25500.0,98.0,97.0,0.0,100.0,79.0,94.0,98.0,74.0,89.0,-0.22,0.07,2024-07-10
9,64,95,65,51,46,60,52,68,14.625,60.0,51.0,7020.0,2024-07-12T08:57:58-07:00,2024-07-12T00:32:58-07:00,5400.0,77.0,1980.0,14730.0,False,48.0,2.0,0.0,3150.0,340.0,30300.0,23280.0,98.0,100.0,0.0,99.0,61.0,90.0,100.0,67.0,84.0,0.03,0.01,2024-07-11
10,77,89,88,70,69,49,61,91,14.625,56.875,56.0,4345.0,2024-07-14T08:49:56-07:00,2024-07-13T23:33:31-07:00,4740.0,87.0,1560.0,19560.0,False,47.0,0.0,0.0,4740.0,506.0,33385.0,29040.0,94.0,100.0,90.0,100.0,80.0,100.0,98.0,73.0,89.0,0.06,0.16,2024-07-13
11,84,96,86,81,96,73,30,95,14.625,57.75,62.0,3360.0,2024-07-15T09:13:01-07:00,2024-07-15T01:10:01-07:00,4410.0,88.0,1290.0,15090.0,False,45.0,0.0,0.0,6120.0,281.0,28980.0,25620.0,98.0,100.0,90.0,95.0,77.0,96.0,92.0,69.0,87.0,-0.06,0.08,2024-07-14
13,76,82,93,81,82,62,80,72,14.875,55.5,55.0,2937.0,2024-07-16T07:23:32-07:00,2024-07-15T23:48:05-07:00,4350.0,89.0,1320.0,14460.0,False,48.0,0.0,0.0,5580.0,317.0,27327.0,24390.0,97.0,89.0,89.0,100.0,81.0,85.0,100.0,73.0,88.0,0.2,0.13,2024-07-15
16,76,95,95,78,96,64,47,73,14.5,54.5,57.0,2807.0,2024-07-17T08:32:47-07:00,2024-07-17T00:56:00-07:00,5040.0,90.0,1380.0,12780.0,False,46.0,2.0,0.0,6780.0,351.0,27407.0,24600.0,98.0,100.0,89.0,89.0,79.0,89.0,97.0,75.0,87.0,0.0,0.1,2024-07-16
18,82,96,97,81,84,60,44,93,14.75,58.25,52.0,2635.0,2024-07-19T09:15:55-07:00,2024-07-19T00:21:30-07:00,5460.0,92.0,480.0,18210.0,False,50.0,1.0,0.0,5760.0,424.0,32065.0,29430.0,97.0,89.0,87.0,84.0,87.0,100.0,98.0,79.0,89.0,0.19,0.18,2024-07-18
21,86,97,88,97,98,67,57,92,14.625,55.875,50.0,2973.0,2024-07-20T08:25:04-07:00,2024-07-20T00:03:31-07:00,6210.0,90.0,840.0,13110.0,False,50.0,1.0,0.0,7800.0,382.0,30093.0,27120.0,97.0,100.0,87.0,100.0,87.0,99.0,98.0,76.0,91.0,0.01,0.15,2024-07-19
24,80,96,65,89,96,50,32,98,14.875,59.75,46.0,9497.0,2024-07-21T11:40:46-07:00,2024-07-21T00:18:59-07:00,5670.0,77.0,690.0,18960.0,False,50.0,3.0,0.0,6780.0,513.0,40907.0,31410.0,81.0,73.0,85.0,85.0,84.0,100.0,98.0,86.0,81.0,0.39,0.24,2024-07-20
26,68,67,83,54,88,66,88,58,14.5,54.625,61.0,3660.0,2024-07-22T06:37:03-07:00,2024-07-21T23:47:03-07:00,3600.0,85.0,1890.0,11370.0,False,47.0,0.0,0.0,5970.0,388.0,24600.0,20940.0,94.0,100.0,87.0,100.0,69.0,75.0,100.0,74.0,84.0,0.01,0.17,2024-07-21
29,78,67,93,81,96,73,83,71,14.5,52.0,69.0,3090.0,2024-07-24T07:29:29-07:00,2024-07-23T23:57:29-07:00,3600.0,89.0,510.0,13680.0,False,46.0,0.0,0.0,6750.0,305.0,27120.0,24030.0,86.0,100.0,87.0,0.0,82.0,88.0,98.0,78.0,86.0,-0.1,0.0,2024-07-23
34,77,96,97,70,95,61,52,77,15.0,55.0,65.0,2170.0,2024-07-26T08:32:10-05:00,2024-07-26T00:51:30-05:00,5460.0,92.0,240.0,13500.0,False,46.0,1.0,0.0,6510.0,375.0,27640.0,25470.0,83.0,92.0,88.0,88.0,81.0,17.0,98.0,78.0,79.0,0.16,0.14,2024-07-25
35,76,82,86,59,95,59,18,96,14.875,54.0,65.0,5086.0,2024-07-27T10:50:20-05:00,2024-07-27T00:55:34-05:00,4380.0,86.0,1800.0,19680.0,False,47.0,0.0,0.0,6540.0,522.0,35686.0,30600.0,95.0,79.0,88.0,88.0,81.0,86.0,100.0,84.0,88.0,0.31,0.26,2024-07-26
37,75,95,93,89,98,62,7,78,15.0,54.875,49.0,3060.0,2024-07-28T11:22:32-05:00,2024-07-28T03:22:32-05:00,5040.0,89.0,690.0,12630.0,False,49.0,1.0,0.0,8070.0,400.0,28800.0,25740.0,84.0,100.0,87.0,87.0,78.0,54.0,100.0,76.0,81.0,-0.02,0.17,2024-07-27
39,75,75,88,72,63,75,52,81,15.25,58.75,56.0,3930.0,2024-07-29T08:47:28-05:00,2024-07-29T00:20:28-05:00,3990.0,87.0,1500.0,18210.0,False,49.0,2.0,0.0,4290.0,299.0,30420.0,26490.0,95.0,94.0,89.0,97.0,80.0,99.0,100.0,83.0,89.0,0.14,0.13,2024-07-28
40,72,61,55,78,78,35,40,100,16.25,72.125,30.0,13350.0,2024-07-30T12:28:31-05:00,2024-07-29T22:52:31-05:00,3240.0,73.0,450.0,27060.0,False,62.0,0.0,0.0,5310.0,752.0,48960.0,35610.0,89.0,1.0,76.0,97.0,76.0,100.0,21.0,94.0,48.0,2.25,0.97,2024-07-29
41,45,1,58,70,29,48,28,54,18.125,83.5,16.0,6895.0,2024-07-31T08:58:29-05:00,2024-07-31T01:29:34-05:00,60.0,74.0,270.0,17970.0,False,75.0,1.0,0.0,2010.0,338.0,26935.0,20040.0,94.0,1.0,64.0,98.0,37.0,88.0,1.0,75.0,35.0,3.36,2.29,2024-07-30
42,63,11,53,67,37,46,54,98,17.75,77.0,28.0,12030.0,2024-08-01T10:10:32-07:00,2024-07-31T22:05:32-07:00,600.0,72.0,1620.0,28320.0,False,56.0,0.0,0.0,2550.0,582.0,43500.0,31470.0,98.0,1.0,65.0,100.0,64.0,18.0,60.0,98.0,47.0,3.6,3.25,2024-07-31
43,49,17,21,70,51,23,74,63,16.75,76.25,39.0,15826.0,2024-08-02T08:32:17-07:00,2024-08-01T22:39:31-07:00,690.0,56.0,1560.0,15510.0,False,57.0,1.0,0.0,3540.0,400.0,35566.0,19740.0,98.0,1.0,50.0,94.0,36.0,12.0,55.0,76.0,39.0,2.92,3.3,2024-08-01
45,64,56,44,15,100,27,24,100,16.875,68.25,41.0,20250.0,2024-08-03T12:27:40-07:00,2024-08-02T21:27:40-07:00,2760.0,63.0,3300.0,24330.0,False,56.0,0.0,0.0,6660.0,756.0,54000.0,33750.0,95.0,1.0,42.0,99.0,57.0,63.0,61.0,96.0,49.0,2.1,2.74,2024-08-02
46,64,56,44,15,100,27,24,100,16.625,62.25,54.0,2717.0,2024-08-03T10:31:24-07:00,2024-08-03T06:06:07-07:00,240.0,83.0,300.0,9180.0,False,56.0,1.0,5.0,3780.0,305.0,15917.0,13200.0,95.0,33.0,48.0,99.0,23.0,31.0,61.0,74.0,54.0,0.87,2.24,2024-08-02
48,72,65,51,72,92,37,34,100,17.375,68.375,39.0,13795.0,2024-08-05T12:20:27-07:00,2024-08-04T23:16:32-07:00,3480.0,71.0,1470.0,23490.0,False,60.0,1.0,0.0,6270.0,702.0,47035.0,33240.0,90.0,1.0,42.0,81.0,75.0,100.0,38.0,94.0,48.0,1.6,1.78,2024-08-04
50,71,64,62,78,38,65,41,93,17.625,66.125,39.0,3961.0,2024-08-06T01:39:30-07:00,2024-08-05T20:02:29-07:00,2370.0,80.0,1380.0,12450.0,False,61.0,0.0,0.0,1440.0,325.0,20221.0,16260.0,86.0,1.0,43.0,100.0,43.0,31.0,34.0,75.0,36.0,1.94,1.79,2024-08-05
51,71,64,62,78,38,65,41,93,16.875,57.5,59.0,5430.0,2024-08-06T10:40:31-07:00,2024-08-06T05:27:31-07:00,1050.0,71.0,2070.0,11100.0,False,52.0,1.0,26.0,1200.0,295.0,18780.0,13350.0,86.0,24.0,52.0,100.0,21.0,50.0,88.0,71.0,62.0,0.98,1.31,2024-08-05
53,63,62,69,75,81,43,62,62,17.375,64.125,61.0,5850.0,2024-08-07T08:03:32-07:00,2024-08-07T00:22:32-07:00,3270.0,79.0,1410.0,13020.0,False,48.0,0.0,0.0,5520.0,427.0,27660.0,21810.0,87.0,39.0,56.0,91.0,64.0,96.0,100.0,88.0,71.0,0.79,1.43,2024-08-06
54,80,98,53,22,88,58,95,100,17.375,58.5,57.0,11211.0,2024-08-08T08:38:28-07:00,2024-08-07T20:46:07-07:00,6810.0,74.0,2760.0,19710.0,False,53.0,0.0,0.0,5010.0,465.0,42741.0,31530.0,88.0,10.0,54.0,91.0,84.0,100.0,82.0,87.0,62.0,1.14,1.18,2024-08-07
58,64,70,76,81,56,53,26,73,16.5,57.375,52.0,5317.0,2024-08-09T09:32:07-07:00,2024-08-09T01:14:30-07:00,3690.0,82.0,480.0,16980.0,False,49.0,3.0,0.0,3870.0,357.0,29857.0,24540.0,81.0,58.0,62.0,89.0,66.0,100.0,100.0,73.0,76.0,0.57,0.87,2024-08-08
60,79,70,60,97,89,59,37,100,16.875,60.375,53.0,11190.0,2024-08-10T11:45:28-07:00,2024-08-09T23:13:28-07:00,3720.0,75.0,870.0,24150.0,False,50.0,0.0,0.0,6060.0,386.0,45120.0,33930.0,82.0,72.0,69.0,91.0,86.0,100.0,100.0,90.0,81.0,0.41,0.65,2024-08-09
61,82,95,86,91,74,70,51,92,16.5,56.875,49.0,4950.0,2024-08-11T09:30:32-07:00,2024-08-11T00:01:32-07:00,5160.0,86.0,1050.0,18960.0,False,51.0,1.0,0.0,5070.0,373.0,34140.0,29190.0,81.0,59.0,71.0,90.0,90.0,100.0,93.0,81.0,79.0,0.57,0.54,2024-08-10
63,87,95,88,94,82,74,71,93,16.625,55.5,55.0,4555.0,2024-08-12T08:58:28-07:00,2024-08-11T23:30:33-07:00,5040.0,87.0,990.0,18930.0,False,50.0,1.0,0.0,5550.0,364.0,34075.0,29520.0,84.0,76.0,78.0,92.0,96.0,61.0,99.0,89.0,84.0,0.36,0.49,2024-08-11
64,72,58,95,56,73,60,68,80,16.875,55.75,51.0,2850.0,2024-08-13T07:51:30-07:00,2024-08-12T23:45:30-07:00,3090.0,90.0,1860.0,18210.0,False,49.0,0.0,0.0,5010.0,339.0,29160.0,26310.0,83.0,100.0,78.0,90.0,76.0,95.0,100.0,88.0,84.0,0.06,0.33,2024-08-12
65,90,87,97,89,95,74,100,92,16.0,54.625,66.0,2635.0,2024-08-14T07:16:29-07:00,2024-08-13T22:25:34-07:00,4620.0,92.0,690.0,17910.0,False,47.0,0.0,0.0,6690.0,416.0,31855.0,29220.0,84.0,99.0,86.0,90.0,100.0,78.0,100.0,93.0,89.0,0.08,0.17,2024-08-13
68,85,63,93,81,82,66,100,95,16.25,54.875,65.0,3750.0,2024-08-15T07:36:31-07:00,2024-08-14T22:13:31-07:00,3330.0,89.0,1320.0,21090.0,False,47.0,1.0,0.0,5610.0,464.0,33780.0,30030.0,92.0,66.0,86.0,84.0,94.0,38.0,100.0,92.0,80.0,0.47,0.27,2024-08-14
69,90,97,95,86,95,63,80,100,15.625,56.5,51.0,3870.0,2024-08-16T08:52:32-07:00,2024-08-15T22:26:32-07:00,6690.0,90.0,1200.0,20400.0,False,51.0,0.0,0.0,6600.0,494.0,37560.0,33690.0,89.0,94.0,86.0,95.0,100.0,100.0,91.0,96.0,91.0,0.14,0.31,2024-08-15
70,77,96,88,51,96,51,57,86,15.25,55.0,55.0,4223.0,2024-08-17T08:38:55-07:00,2024-08-16T23:47:02-07:00,5880.0,87.0,1950.0,14730.0,False,50.0,0.0,0.0,7080.0,444.0,31913.0,27690.0,93.0,85.0,89.0,92.0,80.0,78.0,97.0,92.0,88.0,0.24,0.29,2024-08-16
71,73,84,76,5,97,73,25,94,15.125,53.625,59.0,6750.0,2024-08-18T10:10:02-07:00,2024-08-18T00:00:02-07:00,4440.0,82.0,3990.0,17790.0,False,49.0,0.0,0.0,7620.0,397.0,36600.0,29850.0,97.0,88.0,89.0,92.0,76.0,100.0,100.0,99.0,91.0,0.21,0.26,2024-08-17
72,78,97,90,86,51,58,100,77,15.625,56.625,54.0,3453.0,2024-08-19T06:40:05-07:00,2024-08-18T22:37:02-07:00,6420.0,88.0,630.0,15600.0,False,48.0,0.0,0.0,3510.0,382.0,28983.0,25530.0,97.0,85.0,88.0,100.0,84.0,46.0,100.0,93.0,87.0,0.25,0.28,2024-08-18
73,73,84,88,83,75,63,64,69,14.875,53.25,61.0,3480.0,2024-08-20T08:01:03-07:00,2024-08-20T00:28:03-07:00,4410.0,87.0,540.0,14130.0,False,46.0,0.0,0.0,5160.0,373.0,27180.0,23700.0,98.0,98.0,90.0,81.0,77.0,86.0,98.0,93.0,88.0,0.09,0.19,2024-08-19
74,69,96,79,37,76,67,60,69,14.625,54.625,55.0,4765.0,2024-08-21T08:13:59-07:00,2024-08-21T00:23:04-07:00,5550.0,83.0,2250.0,12720.0,False,47.0,1.0,0.0,5220.0,326.0,28255.0,23490.0,100.0,97.0,88.0,83.0,72.0,82.0,100.0,90.0,87.0,0.1,0.14,2024-08-20
76,89,94,93,99,100,52,84,98,14.75,55.375,60.0,3840.0,2024-08-22T08:34:01-07:00,2024-08-21T22:44:01-07:00,4950.0,89.0,900.0,17790.0,False,48.0,0.0,0.0,8820.0,555.0,35400.0,31560.0,100.0,100.0,90.0,87.0,98.0,100.0,100.0,93.0,94.0,0.04,0.09,2024-08-21
78,86,96,95,86,67,54,91,98,16.125,63.5,42.0,3480.0,2024-08-23T08:02:02-07:00,2024-08-22T22:23:02-07:00,6000.0,90.0,1200.0,20670.0,False,53.0,1.0,0.0,4590.0,462.0,34740.0,31260.0,94.0,74.0,86.0,80.0,96.0,100.0,74.0,87.0,80.0,0.38,0.21,2024-08-22
81,72,78,81,72,69,69,58,75,16.0,57.625,52.0,4764.0,2024-08-24T08:31:56-07:00,2024-08-24T00:13:02-07:00,4140.0,84.0,1470.0,16290.0,False,52.0,1.0,0.0,4740.0,271.0,29934.0,25170.0,98.0,78.0,89.0,93.0,77.0,99.0,81.0,84.0,87.0,0.33,0.3,2024-08-23
85,69,75,86,29,79,57,93,69,15.0,54.125,60.0,3750.0,2024-08-26T06:45:29-07:00,2024-08-25T23:08:29-07:00,3990.0,86.0,2430.0,14310.0,False,47.0,2.0,0.0,5370.0,317.0,27420.0,23670.0,88.0,100.0,87.0,78.0,72.0,84.0,100.0,83.0,84.0,0.02,0.15,2024-08-25
86,73,98,76,48,87,69,69,71,15.125,53.125,65.0,5370.0,2024-08-27T08:02:30-07:00,2024-08-26T23:52:30-07:00,7470.0,82.0,2010.0,10620.0,False,45.0,0.0,0.0,5940.0,322.0,29400.0,24030.0,96.0,96.0,88.0,78.0,76.0,96.0,96.0,84.0,87.0,0.11,0.09,2024-08-26
87,85,95,93,94,95,63,84,83,15.125,56.25,52.0,3300.0,2024-08-28T07:51:32-07:00,2024-08-27T23:23:32-07:00,5310.0,89.0,1020.0,15270.0,False,49.0,0.0,0.0,6600.0,427.0,30480.0,27180.0,92.0,81.0,86.0,83.0,92.0,100.0,99.0,84.0,90.0,0.3,0.18,2024-08-27
88,75,80,79,83,87,69,67,70,14.625,54.25,56.0,4950.0,2024-08-29T08:15:28-07:00,2024-08-29T00:14:28-07:00,4230.0,83.0,1230.0,13740.0,False,49.0,0.0,0.0,5940.0,302.0,28860.0,23910.0,89.0,100.0,89.0,83.0,79.0,96.0,99.0,76.0,87.0,0.01,0.16,2024-08-28
89,80,66,97,89,96,55,59,88,14.625,57.25,49.0,2520.0,2024-08-30T08:34:33-07:00,2024-08-29T23:59:33-07:00,3540.0,92.0,690.0,17760.0,False,50.0,2.0,0.0,7080.0,410.0,30900.0,28380.0,91.0,87.0,86.0,83.0,86.0,100.0,92.0,82.0,88.0,0.22,0.17,2024-08-29
91,73,96,90,89,87,61,27,71,14.875,55.25,47.0,3381.0,2024-08-31T09:22:21-07:00,2024-08-31T01:44:00-07:00,6000.0,88.0,690.0,12210.0,False,50.0,1.0,0.0,5910.0,353.0,27501.0,24120.0,95.0,100.0,86.0,81.0,76.0,91.0,92.0,74.0,84.0,-0.01,0.1,2024-08-30
92,81,95,83,67,97,73,51,87,15.25,56.625,65.0,4980.0,2024-09-01T09:41:33-07:00,2024-09-01T00:31:33-07:00,5070.0,85.0,180.0,15330.0,False,46.0,0.0,0.0,7620.0,412.0,33000.0,28020.0,96.0,100.0,89.0,90.0,86.0,100.0,100.0,81.0,91.0,-0.01,0.05,2024-08-31
93,84,97,93,89,69,70,33,100,15.0,55.875,62.0,2340.0,2024-09-02T09:30:32-07:00,2024-09-02T00:48:32-07:00,4830.0,93.0,690.0,19560.0,False,46.0,0.0,0.0,4590.0,383.0,31320.0,28980.0,96.0,94.0,86.0,92.0,86.0,96.0,100.0,80.0,89.0,0.13,0.06,2024-09-01
96,68,86,96,75,86,61,38,59,14.75,55.625,61.0,2005.0,2024-09-03T08:18:28-07:00,2024-09-03T01:51:33-07:00,4530.0,91.0,390.0,10800.0,False,46.0,0.0,0.0,5880.0,262.0,23215.0,21210.0,96.0,93.0,88.0,90.0,70.0,72.0,100.0,74.0,84.0,-0.34,-0.06,2024-09-02
98,73,92,98,81,88,67,38,67,14.375,53.375,53.0,1740.0,2024-09-04T08:28:29-07:00,2024-09-04T01:35:29-07:00,4860.0,93.0,510.0,12210.0,False,47.0,2.0,0.0,5970.0,276.0,24780.0,23040.0,99.0,100.0,87.0,77.0,77.0,78.0,100.0,80.0,85.0,-0.01,-0.09,2024-09-03
99,74,35,83,86,77,66,61,84,14.75,60.375,43.0,4705.0,2024-09-05T09:01:28-07:00,2024-09-05T00:06:33-07:00,1890.0,85.0,600.0,20250.0,False,50.0,0.0,0.0,5250.0,357.0,32095.0,27390.0,98.0,100.0,86.0,78.0,79.0,52.0,89.0,79.0,81.0,0.02,-0.04,2024-09-04
100,83,96,96,91,99,72,48,84,14.5,54.0,55.0,2730.0,2024-09-07T08:46:27-07:00,2024-09-07T00:25:27-07:00,5880.0,91.0,720.0,13110.0,False,50.0,0.0,0.0,8340.0,335.0,30060.0,27330.0,100.0,100.0,86.0,0.0,91.0,100.0,89.0,78.0,89.0,-0.12,-0.04,2024-09-06
101,76,72,90,67,86,68,50,83,14.75,57.25,53.0,3540.0,2024-09-08T09:08:31-07:00,2024-09-08T00:39:31-07:00,3840.0,88.0,180.0,17280.0,False,47.0,0.0,0.0,5880.0,291.0,30540.0,27000.0,100.0,100.0,85.0,85.0,82.0,23.0,100.0,77.0,81.0,-0.01,-0.04,2024-09-07
103,84,96,99,86,95,72,36,91,15.25,54.5,62.0,1855.0,2024-09-09T09:21:28-07:00,2024-09-09T00:45:33-07:00,5610.0,94.0,600.0,17010.0,False,49.0,2.0,0.0,6480.0,341.0,30955.0,29100.0,95.0,100.0,87.0,91.0,93.0,84.0,95.0,82.0,89.0,0.0,-0.01,2024-09-08
104,81,92,96,70,86,73,60,86,15.0,56.25,62.0,2755.0,2024-09-11T08:34:59-07:00,2024-09-11T00:04:04-07:00,4830.0,91.0,270.0,17190.0,False,47.0,0.0,0.0,5880.0,346.0,30655.0,27900.0,99.0,99.0,88.0,0.0,90.0,91.0,100.0,85.0,91.0,-0.19,-0.09,2024-09-10
106,61,59,86,59,40,75,96,44,15.25,58.25,47.0,2850.0,2024-09-12T05:44:00-07:00,2024-09-12T00:07:00-07:00,3180.0,86.0,1800.0,11400.0,False,49.0,1.0,0.0,2790.0,193.0,20220.0,17370.0,97.0,100.0,84.0,89.0,57.0,1.0,94.0,72.0,73.0,-0.15,-0.15,2024-09-11
108,79,85,93,75,81,65,94,75,15.25,57.875,50.0,3055.0,2024-09-13T07:14:56-07:00,2024-09-12T23:25:01-07:00,4470.0,89.0,360.0,15150.0,False,50.0,0.0,0.0,5520.0,286.0,28195.0,25140.0,93.0,98.0,87.0,85.0,87.0,98.0,88.0,84.0,87.0,-0.2,-0.15,2024-09-12
109,38,23,41,94,19,27,64,29,15.25,72.25,32.0,6840.0,2024-09-14T07:43:00-04:00,2024-09-14T01:58:00-04:00,1230.0,67.0,1020.0,11280.0,False,63.0,0.0,0.0,1350.0,295.0,20700.0,13860.0,95.0,100.0,71.0,87.0,18.0,57.0,1.0,59.0,54.0,-0.13,-0.13,2024-09-13
111,76,96,83,54,68,70,54,86,15.25,58.25,70.0,4765.0,2024-09-15T08:59:26-04:00,2024-09-14T23:54:01-04:00,6150.0,85.0,1920.0,17130.0,False,46.0,1.0,0.0,4680.0,345.0,32725.0,27960.0,91.0,65.0,89.0,79.0,82.0,49.0,100.0,76.0,79.0,0.48,0.12,2024-09-14
112,72,96,93,64,63,59,57,74,16.875,65.75,42.0,3090.0,2024-09-16T08:24:02-04:00,2024-09-16T00:40:02-04:00,6060.0,89.0,120.0,14370.0,False,53.0,0.0,0.0,4320.0,315.0,27840.0,24750.0,93.0,54.0,62.0,91.0,75.0,97.0,66.0,59.0,68.0,0.62,0.43,2024-09-15
113,67,81,60,75,58,57,36,76,16.875,78.875,36.0,8339.0,2024-09-16T23:37:36-07:00,2024-09-16T18:18:07-07:00,90.0,56.0,360.0,9660.0,False,68.0,0.0,0.0,1080.0,275.0,19169.0,10830.0,94.0,1.0,68.0,94.0,1.0,1.0,1.0,48.0,22.0,1.58,1.0,2024-09-16
114,67,81,60,75,58,57,36,76,17.125,62.75,45.0,1525.0,2024-09-17T06:54:58-07:00,2024-09-17T02:29:03-07:00,4230.0,90.0,360.0,7260.0,False,55.0,1.0,31.0,2940.0,203.0,15955.0,14430.0,94.0,69.0,75.0,94.0,46.0,43.0,53.0,52.0,53.0,0.45,0.54,2024-09-16
117,79,92,86,62,85,59,100,80,18.0,70.125,31.0,4170.0,2024-09-18T06:42:29-07:00,2024-09-17T22:15:29-07:00,4860.0,86.0,1710.0,15600.0,False,63.0,0.0,0.0,5790.0,421.0,30420.0,26250.0,94.0,32.0,59.0,85.0,87.0,100.0,1.0,67.0,46.0,0.9,1.14,2024-09-17
119,70,79,99,70,75,74,59,59,15.625,63.5,47.0,1410.0,2024-09-19T07:29:32-07:00,2024-09-19T01:15:32-07:00,4200.0,94.0,270.0,11670.0,False,53.0,1.0,0.0,5160.0,277.0,22440.0,21030.0,92.0,98.0,64.0,84.0,73.0,69.0,69.0,47.0,67.0,-0.21,0.62,2024-09-18
120,75,88,93,67,97,62,50,73,14.75,58.25,46.0,2940.0,2024-09-20T08:34:32-07:00,2024-09-20T00:56:32-07:00,4650.0,89.0,180.0,12600.0,False,50.0,0.0,0.0,7290.0,329.0,27480.0,24540.0,98.0,91.0,52.0,81.0,78.0,97.0,91.0,56.0,75.0,0.18,0.2,2024-09-19
122,69,87,86,72,88,60,48,63,15.0,57.75,46.0,3625.0,2024-09-21T08:33:28-07:00,2024-09-21T01:22:33-07:00,4620.0,86.0,330.0,11610.0,False,50.0,1.0,0.0,6000.0,347.0,25855.0,22230.0,91.0,100.0,54.0,91.0,70.0,87.0,91.0,53.0,73.0,-0.13,0.02,2024-09-20
125,67,92,67,86,87,35,13,79,15.125,62.875,40.0,7260.0,2024-09-22T11:22:30-07:00,2024-09-22T02:06:30-07:00,4860.0,78.0,1200.0,15300.0,False,52.0,0.0,0.0,5940.0,386.0,33360.0,26100.0,87.0,100.0,51.0,80.0,67.0,77.0,77.0,60.0,68.0,-0.11,-0.01,2024-09-21
127,75,84,98,91,73,63,100,60,15.5,57.125,44.0,1645.0,2024-09-23T05:59:29-07:00,2024-09-22T23:34:34-07:00,4410.0,93.0,720.0,12000.0,False,51.0,0.0,0.0,5040.0,307.0,23095.0,21450.0,92.0,97.0,56.0,88.0,80.0,36.0,84.0,55.0,68.0,-0.24,-0.11,2024-09-22
128,79,82,93,46,99,68,100,78,14.875,54.375,52.0,3330.0,2024-09-24T06:47:31-07:00,2024-09-23T22:42:31-07:00,4380.0,89.0,2100.0,12780.0,False,49.0,0.0,0.0,8610.0,407.0,29100.0,25770.0,89.0,98.0,59.0,74.0,85.0,95.0,98.0,64.0,77.0,-0.21,-0.15,2024-09-23
130,81,96,96,75,98,56,59,86,15.375,60.5,50.0,2683.0,2024-09-25T08:36:44-07:00,2024-09-25T00:09:31-07:00,5790.0,91.0,390.0,14070.0,False,50.0,1.0,0.0,7890.0,382.0,30433.0,27750.0,84.0,94.0,58.0,80.0,88.0,100.0,91.0,66.0,78.0,-0.32,-0.2,2024-09-24
131,78,97,88,99,75,53,62,81,15.125,62.125,36.0,4080.0,2024-09-26T08:40:32-07:00,2024-09-26T00:08:32-07:00,6330.0,87.0,900.0,15150.0,False,53.0,0.0,0.0,5160.0,366.0,30720.0,26640.0,88.0,100.0,54.0,80.0,85.0,92.0,70.0,67.0,73.0,-0.11,-0.16,2024-09-25
132,91,96,83,94,89,76,79,100,14.875,59.375,40.0,4345.0,2024-09-27T08:12:28-07:00,2024-09-26T23:11:33-07:00,4680.0,87.0,810.0,17400.0,False,52.0,0.0,0.0,6030.0,340.0,32455.0,28110.0,83.0,100.0,62.0,67.0,97.0,100.0,78.0,74.0,78.0,0.02,-0.05,2024-09-26
134,79,86,96,97,64,58,64,83,15.25,57.125,57.0,2622.0,2024-09-28T08:14:13-07:00,2024-09-27T23:58:31-07:00,4560.0,91.0,960.0,18210.0,False,49.0,1.0,0.0,4350.0,376.0,29742.0,27120.0,90.0,100.0,67.0,94.0,87.0,55.0,99.0,76.0,80.0,-0.07,0.0,2024-09-27
135,86,96,74,81,96,66,63,100,15.5,58.125,52.0,7860.0,2024-09-29T09:55:00-07:00,2024-09-28T22:40:00-07:00,5640.0,81.0,1320.0,20070.0,False,49.0,0.0,0.0,6930.0,358.0,40500.0,32640.0,88.0,100.0,61.0,86.0,97.0,95.0,99.0,86.0,85.0,0.01,0.02,2024-09-28
137,81,80,88,89,82,65,69,88,15.375,59.125,51.0,4080.0,2024-09-30T08:33:01-07:00,2024-09-29T23:31:01-07:00,4260.0,87.0,1140.0,18570.0,False,48.0,1.0,0.0,5610.0,401.0,32520.0,28440.0,84.0,95.0,68.0,93.0,92.0,57.0,100.0,84.0,82.0,0.12,0.07,2024-09-29
138,79,92,93,94,68,70,54,80,14.75,55.875,49.0,3090.0,2024-10-01T08:37:59-07:00,2024-10-01T00:27:59-07:00,4830.0,89.0,1020.0,16830.0,False,49.0,0.0,0.0,4650.0,356.0,29400.0,26310.0,91.0,100.0,71.0,85.0,86.0,100.0,98.0,89.0,87.0,-0.03,0.07,2024-09-30
140,78,82,86,72,82,64,66,85,15.0,61.375,51.0,4555.0,2024-10-02T08:46:58-07:00,2024-10-01T23:52:03-07:00,4350.0,86.0,300.0,17640.0,False,49.0,1.0,0.0,5550.0,403.0,32095.0,27540.0,79.0,100.0,76.0,77.0,85.0,100.0,98.0,93.0,86.0,-0.01,0.04,2024-10-01
141,78,96,96,56,75,77,79,76,15.0,58.75,54.0,2610.0,2024-10-03T07:22:59-07:00,2024-10-02T23:38:59-07:00,5460.0,91.0,1830.0,14640.0,False,47.0,1.0,0.0,5130.0,260.0,27840.0,25230.0,84.0,95.0,80.0,84.0,85.0,42.0,100.0,90.0,82.0,-0.3,-0.08,2024-10-02
143,78,96,86,78,61,84,97,67,15.0,59.25,52.0,3870.0,2024-10-04T06:56:01-07:00,2024-10-03T23:26:01-07:00,5940.0,86.0,1380.0,12990.0,False,51.0,1.0,0.0,4200.0,217.0,27000.0,23130.0,83.0,95.0,81.0,81.0,83.0,89.0,83.0,88.0,84.0,-0.3,-0.19,2024-10-03
144,75,90,86,75,96,63,66,70,14.75,55.875,58.0,3990.0,2024-10-05T07:58:00-07:00,2024-10-05T00:14:00-07:00,4800.0,86.0,1440.0,11910.0,False,49.0,0.0,0.0,7140.0,329.0,27840.0,23850.0,83.0,100.0,86.0,89.0,77.0,91.0,97.0,87.0,87.0,-0.01,-0.15,2024-10-04
145,77,86,97,83,91,66,90,65,14.75,52.5,58.0,1980.0,2024-10-07T06:45:29-07:00,2024-10-06T23:56:29-07:00,4560.0,92.0,570.0,11790.0,False,47.0,0.0,0.0,6210.0,338.0,24540.0,22560.0,82.0,96.0,88.0,0.0,83.0,76.0,100.0,78.0,85.0,-0.27,-0.13,2024-10-06
146,71,95,97,72,48,72,77,61,14.75,53.625,52.0,1795.0,2024-10-08T07:01:28-07:00,2024-10-08T00:30:33-07:00,5010.0,92.0,330.0,13320.0,False,48.0,0.0,0.0,3330.0,241.0,23455.0,21660.0,82.0,100.0,87.0,76.0,71.0,71.0,100.0,77.0,81.0,-0.01,-0.11,2024-10-07
148,88,96,90,94,95,66,69,95,14.75,56.75,61.0,4140.0,2024-10-09T08:42:30-07:00,2024-10-08T23:11:30-07:00,5610.0,88.0,990.0,17820.0,False,48.0,1.0,0.0,6690.0,340.0,34260.0,30120.0,82.0,90.0,91.0,78.0,100.0,100.0,100.0,84.0,91.0,0.19,0.03,2024-10-08
149,82,82,95,94,98,75,50,84,14.25,54.0,56.0,3145.0,2024-10-10T08:48:27-07:00,2024-10-10T00:19:32-07:00,4350.0,90.0,990.0,14910.0,False,47.0,1.0,0.0,8130.0,338.0,30535.0,27390.0,84.0,96.0,89.0,79.0,92.0,99.0,100.0,75.0,88.0,-0.28,-0.01,2024-10-09
150,76,77,90,94,85,58,55,79,14.875,57.625,50.0,3591.0,2024-10-11T08:40:22-07:00,2024-10-11T00:23:31-07:00,4080.0,88.0,990.0,16350.0,False,52.0,0.0,0.0,5790.0,392.0,29811.0,26220.0,77.0,100.0,89.0,62.0,81.0,100.0,73.0,79.0,80.0,-0.08,-0.08,2024-10-10
152,78,95,76,72,96,49,50,91,14.625,54.375,54.0,6540.0,2024-10-13T10:14:59-07:00,2024-10-13T00:22:59-07:00,5190.0,82.0,330.0,16620.0,False,48.0,2.0,0.0,7170.0,436.0,35520.0,28980.0,76.0,100.0,90.0,76.0,83.0,100.0,100.0,85.0,87.0,-0.06,-0.03,2024-10-12
153,85,96,93,91,98,75,41,90,14.75,52.75,62.0,3560.0,2024-10-14T09:29:59-07:00,2024-10-14T00:31:09-07:00,6180.0,89.0,750.0,14490.0,False,45.0,0.0,0.0,8100.0,339.0,32330.0,28770.0,85.0,99.0,92.0,90.0,97.0,70.0,98.0,85.0,89.0,0.08,0.03,2024-10-13
154,79,96,97,91,83,63,63,77,15.0,57.25,61.0,2250.0,2024-10-15T08:04:02-07:00,2024-10-15T00:19:02-07:00,6030.0,92.0,750.0,13950.0,False,47.0,0.0,0.0,5670.0,372.0,27900.0,25650.0,80.0,96.0,91.0,86.0,87.0,91.0,100.0,85.0,88.0,-0.28,-0.07,2024-10-14
155,83,96,93,91,74,65,100,78,15.0,53.625,62.0,3240.0,2024-10-16T06:34:57-07:00,2024-10-15T22:30:57-07:00,5970.0,89.0,750.0,14730.0,False,45.0,0.0,0.0,5100.0,334.0,29040.0,25800.0,83.0,100.0,92.0,83.0,95.0,34.0,99.0,88.0,84.0,-0.07,-0.1,2024-10-15
156,39,39,51,78,29,9,6,49,16.5,72.0,32.0,7650.0,2024-10-20T10:34:31+02:00,2024-10-20T03:17:31+02:00,2070.0,71.0,450.0,14430.0,False,59.0,0.0,0.0,2070.0,369.0,26220.0,18570.0,88.0,45.0,79.0,90.0,3.0,1.0,20.0,73.0,40.0,0.72,,2024-10-19
157,88,95,88,67,96,86,56,98,15.375,56.125,53.0,1320.0,2024-10-20T19:43:32+02:00,2024-10-20T15:44:32+02:00,2310.0,91.0,270.0,7590.0,False,51.0,0.0,0.0,3120.0,211.0,14340.0,13020.0,82.0,90.0,0.0,92.0,12.0,29.0,79.0,0.0,61.0,0.19,0.46,2024-10-20
158,88,95,88,67,96,86,56,98,16.25,57.75,58.0,3215.0,2024-10-21T06:27:32+02:00,2024-10-21T00:30:27+02:00,2910.0,85.0,1620.0,11310.0,False,51.0,1.0,18.0,3990.0,194.0,21425.0,18210.0,85.0,64.0,0.0,100.0,54.0,27.0,79.0,0.0,79.0,0.5,0.62,2024-10-20
160,66,58,90,91,56,62,100,49,15.5,60.125,50.0,2490.0,2024-10-22T04:54:31+02:00,2024-10-21T23:03:31+02:00,3120.0,88.0,750.0,11610.0,False,49.0,0.0,0.0,3840.0,222.0,21060.0,18570.0,70.0,97.0,0.0,74.0,59.0,1.0,93.0,0.0,62.0,0.1,0.39,2024-10-21
161,78,88,41,59,80,43,100,100,15.0,55.25,60.0,17880.0,2024-10-23T09:02:28+02:00,2024-10-22T18:02:28+02:00,4650.0,67.0,30.0,26010.0,False,46.0,0.0,0.0,5460.0,426.0,54000.0,36120.0,85.0,89.0,85.0,94.0,87.0,100.0,100.0,79.0,85.0,0.19,0.22,2024-10-22
163,69,95,60,67,59,54,72,73,15.125,55.5,53.0,8116.0,2024-10-24T08:32:46+02:00,2024-10-23T23:28:30+02:00,5130.0,75.0,210.0,15330.0,False,49.0,1.0,0.0,4080.0,332.0,32656.0,24540.0,69.0,99.0,78.0,76.0,66.0,71.0,92.0,51.0,70.0,0.08,0.14,2024-10-23
164,79,75,93,86,84,58,97,78,15.375,60.75,48.0,3303.0,2024-10-25T06:54:32+02:00,2024-10-24T22:50:29+02:00,3990.0,89.0,1200.0,16020.0,False,49.0,0.0,0.0,5730.0,345.0,29043.0,25740.0,72.0,94.0,80.0,89.0,87.0,7.0,92.0,73.0,72.0,0.14,0.13,2024-10-24
165,71,81,86,89,90,59,79,55,15.0,56.875,51.0,3300.0,2024-10-27T05:42:01+01:00,2024-10-27T00:09:01+02:00,4290.0,86.0,1140.0,9900.0,False,50.0,0.0,0.0,6090.0,339.0,23580.0,20280.0,71.0,100.0,82.0,81.0,68.0,31.0,85.0,68.0,70.0,-0.1,0.0,2024-10-26
166,76,71,88,91,65,72,68,78,15.0,57.125,53.0,3968.0,2024-10-28T08:08:08+01:00,2024-10-27T23:50:00+01:00,3750.0,87.0,750.0,17700.0,False,50.0,0.0,0.0,4470.0,317.0,29888.0,25920.0,67.0,100.0,84.0,90.0,83.0,50.0,85.0,77.0,76.0,0.01,-0.03,2024-10-27
169,69,87,95,86,52,67,29,69,15.5,59.625,53.0,2490.0,2024-10-29T08:53:02+01:00,2024-10-29T01:38:02+01:00,4590.0,90.0,630.0,15450.0,False,47.0,2.0,0.0,3570.0,319.0,26100.0,23610.0,68.0,100.0,83.0,84.0,65.0,38.0,100.0,67.0,72.0,-0.09,-0.03,2024-10-28
170,85,95,88,89,96,62,76,90,14.75,56.625,47.0,4290.0,2024-10-30T08:21:58+01:00,2024-10-29T23:09:58+01:00,5400.0,87.0,1140.0,16380.0,False,50.0,0.0,0.0,7050.0,414.0,33120.0,28830.0,69.0,100.0,78.0,84.0,98.0,88.0,84.0,78.0,82.0,0.0,-0.01,2024-10-29
171,67,84,97,67,71,64,23,65,15.5,62.5,43.0,2070.0,2024-10-31T09:00:02+01:00,2024-10-31T02:09:02+01:00,4440.0,92.0,210.0,13290.0,False,52.0,0.0,0.0,4860.0,262.0,24660.0,22590.0,67.0,100.0,77.0,75.0,61.0,2.0,70.0,67.0,62.0,0.04,0.01,2024-10-30
172,75,85,88,59,97,54,37,86,14.75,55.75,49.0,3993.0,2024-11-01T09:42:39+01:00,2024-11-01T00:52:06+01:00,4470.0,87.0,30.0,15960.0,False,51.0,0.0,0.0,7410.0,412.0,31833.0,27840.0,67.0,100.0,80.0,87.0,76.0,100.0,78.0,81.0,80.0,-0.06,0.02,2024-10-31
173,82,84,95,70,100,61,28,100,14.875,58.0,46.0,3685.0,2024-11-03T10:45:28+01:00,2024-11-03T00:08:33+01:00,4440.0,90.0,240.0,21060.0,False,50.0,0.0,0.0,9030.0,519.0,38215.0,34530.0,69.0,100.0,73.0,0.0,92.0,91.0,85.0,91.0,82.0,0.05,0.05,2024-11-02
175,61,74,60,1,95,50,34,78,14.875,58.75,54.0,8460.0,2024-11-04T09:14:30+01:00,2024-11-03T23:40:30+01:00,3960.0,75.0,6480.0,15300.0,False,47.0,1.0,0.0,6720.0,368.0,34440.0,25980.0,72.0,100.0,79.0,91.0,48.0,52.0,100.0,81.0,74.0,-0.09,0.01,2024-11-03
176,67,70,90,94,50,62,100,50,14.875,59.875,49.0,2545.0,2024-11-05T05:45:29+01:00,2024-11-04T23:46:34+01:00,3720.0,88.0,810.0,11790.0,False,51.0,0.0,0.0,3480.0,228.0,21535.0,18990.0,72.0,99.0,72.0,86.0,61.0,62.0,77.0,84.0,73.0,0.07,0.03,2024-11-04
180,79,72,81,67,97,71,100,77,15.0,57.125,59.0,4825.0,2024-11-06T04:47:00-08:00,2024-11-05T20:21:05-08:00,3810.0,84.0,1590.0,14100.0,False,45.0,0.0,0.0,7620.0,263.0,30355.0,25530.0,79.0,87.0,83.0,95.0,85.0,100.0,99.0,92.0,88.0,0.22,0.12,2024-11-05
182,77,90,86,64,81,66,100,70,14.875,57.5,48.0,4050.0,2024-11-07T05:03:02-08:00,2024-11-06T21:16:02-08:00,4800.0,86.0,1680.0,13680.0,False,49.0,2.0,0.0,5490.0,331.0,28020.0,23970.0,77.0,100.0,74.0,85.0,83.0,93.0,90.0,79.0,80.0,0.05,0.15,2024-11-06
183,79,87,81,67,96,66,100,75,14.625,60.375,49.0,4890.0,2024-11-08T07:08:02-08:00,2024-11-07T22:50:02-08:00,4620.0,84.0,1620.0,13440.0,False,52.0,1.0,0.0,6930.0,347.0,29880.0,24990.0,73.0,97.0,82.0,72.0,85.0,100.0,69.0,81.0,78.0,0.1,0.13,2024-11-07
184,81,77,83,78,73,57,100,89,14.625,58.875,48.0,5190.0,2024-11-09T07:09:03-08:00,2024-11-08T21:48:03-08:00,4050.0,85.0,1350.0,19440.0,False,52.0,0.0,0.0,4980.0,505.0,33660.0,28470.0,84.0,100.0,80.0,89.0,92.0,67.0,70.0,83.0,79.0,0.04,0.09,2024-11-08
185,86,96,96,83,97,54,100,89,14.75,57.0,48.0,2726.0,2024-11-10T06:16:25-08:00,2024-11-09T21:32:59-08:00,5490.0,91.0,540.0,15870.0,False,48.0,0.0,0.0,7320.0,389.0,31406.0,28680.0,83.0,100.0,79.0,86.0,100.0,25.0,99.0,82.0,80.0,-0.14,0.01,2024-11-09
187,90,97,88,97,97,67,80,98,14.875,59.25,57.0,4825.0,2024-11-11T08:44:59-08:00,2024-11-10T22:42:04-08:00,6330.0,87.0,960.0,17550.0,False,47.0,1.0,0.0,7470.0,463.0,36175.0,31350.0,84.0,98.0,84.0,0.0,100.0,91.0,100.0,89.0,89.0,-0.22,-0.09,2024-11-10
188,82,82,90,81,96,69,100,77,14.75,55.5,65.0,3493.0,2024-11-12T07:01:14-08:00,2024-11-11T22:56:01-08:00,4380.0,88.0,1290.0,14100.0,False,46.0,1.0,0.0,7140.0,377.0,29113.0,25620.0,94.0,93.0,85.0,92.0,91.0,72.0,100.0,85.0,87.0,-0.34,-0.21,2024-11-11
189,91,97,83,78,98,79,100,95,14.375,53.375,61.0,5460.0,2024-11-13T07:50:02-08:00,2024-11-12T22:00:02-08:00,6630.0,85.0,450.0,15450.0,False,45.0,0.0,0.0,7860.0,277.0,35400.0,29940.0,88.0,99.0,86.0,82.0,100.0,8.0,100.0,98.0,83.0,-0.18,-0.21,2024-11-12
191,85,97,97,75,99,62,91,86,14.125,55.5,54.0,2490.0,2024-11-14T07:37:01-08:00,2024-11-13T23:10:01-08:00,6270.0,92.0,360.0,13230.0,False,48.0,0.0,0.0,8430.0,453.0,30420.0,27930.0,96.0,100.0,87.0,89.0,97.0,100.0,96.0,93.0,92.0,-0.15,-0.16,2024-11-13
193,79,96,74,19,97,75,89,86,14.875,55.75,53.0,6355.0,2024-11-15T08:06:57-08:00,2024-11-14T22:39:02-08:00,5820.0,81.0,2910.0,14520.0,False,47.0,0.0,0.0,7380.0,341.0,34075.0,27720.0,92.0,100.0,89.0,85.0,81.0,100.0,100.0,96.0,91.0,-0.08,-0.09,2024-11-14
194,83,94,90,54,91,49,99,94,14.25,52.5,60.0,4260.0,2024-11-16T07:38:31-08:00,2024-11-15T22:10:31-08:00,4950.0,88.0,1890.0,18660.0,False,46.0,0.0,0.0,6210.0,482.0,34080.0,29820.0,97.0,100.0,90.0,88.0,92.0,100.0,100.0,99.0,94.0,-0.16,-0.08,2024-11-15
195,86,90,88,81,96,61,82,96,14.5,54.25,61.0,4650.0,2024-11-17T08:33:30-08:00,2024-11-16T22:48:30-08:00,4800.0,87.0,1290.0,18540.0,False,46.0,0.0,0.0,7110.0,456.0,35100.0,30450.0,89.0,100.0,90.0,93.0,99.0,38.0,100.0,98.0,88.0,-0.14,-0.1,2024-11-16
197,80,96,88,22,95,66,100,86,14.375,51.25,72.0,4200.0,2024-11-18T06:43:31-08:00,2024-11-17T21:48:31-08:00,5460.0,87.0,2700.0,15900.0,False,45.0,0.0,0.0,6540.0,385.0,32100.0,27900.0,99.0,98.0,93.0,91.0,85.0,100.0,100.0,97.0,93.0,-0.21,-0.13,2024-11-17
198,82,90,93,75,92,63,96,80,14.0,51.875,61.0,3131.0,2024-11-19T07:02:38-08:00,2024-11-18T22:52:27-08:00,4800.0,89.0,1410.0,15210.0,False,45.0,0.0,0.0,6270.0,383.0,29411.0,26280.0,96.0,99.0,91.0,80.0,89.0,98.0,100.0,98.0,93.0,-0.17,-0.15,2024-11-18
199,89,95,96,97,99,65,96,87,14.125,53.125,57.0,2880.0,2024-11-20T07:22:32-08:00,2024-11-19T22:46:32-08:00,5310.0,91.0,870.0,14490.0,False,46.0,0.0,0.0,8280.0,395.0,30960.0,28080.0,99.0,96.0,93.0,85.0,100.0,51.0,100.0,100.0,91.0,-0.25,-0.18,2024-11-19
200,86,96,88,67,94,62,87,97,14.5,56.0,52.0,4585.0,2024-11-21T08:39:29-08:00,2024-11-20T22:45:34-08:00,6150.0,87.0,210.0,18510.0,False,46.0,0.0,0.0,6390.0,372.0,35635.0,31050.0,100.0,100.0,93.0,82.0,100.0,100.0,100.0,100.0,96.0,-0.07,-0.12,2024-11-20
201,74,75,83,37,60,75,73,87,14.75,57.25,56.0,4980.0,2024-11-22T08:25:30-08:00,2024-11-21T23:12:30-08:00,4020.0,85.0,2250.0,20040.0,False,46.0,1.0,0.0,4140.0,413.0,33180.0,28200.0,97.0,100.0,93.0,88.0,74.0,58.0,100.0,97.0,87.0,0.06,-0.02,2024-11-21
202,71,70,86,97,40,55,100,67,15.625,58.375,49.0,3750.0,2024-11-25T06:29:01-08:00,2024-11-24T23:02:01-08:00,3690.0,86.0,960.0,16560.0,False,50.0,0.0,0.0,2820.0,346.0,26820.0,23070.0,97.0,100.0,89.0,0.0,65.0,30.0,75.0,92.0,77.0,0.06,,2024-11-24
203,86,81,95,75,98,69,100,87,15.0,53.5,55.0,3000.0,2024-11-26T07:04:00-08:00,2024-11-25T22:26:00-08:00,4290.0,90.0,1410.0,15570.0,False,46.0,1.0,0.0,8220.0,359.0,31080.0,28080.0,100.0,100.0,90.0,81.0,100.0,100.0,100.0,100.0,95.0,-0.14,0.0,2024-11-25
206,83,96,96,83,79,63,66,89,15.0,53.375,54.0,2850.0,2024-11-27T08:34:31-08:00,2024-11-26T23:49:31-08:00,5970.0,91.0,570.0,17310.0,False,47.0,2.0,0.0,5370.0,506.0,31500.0,28650.0,94.0,100.0,87.0,84.0,94.0,55.0,95.0,91.0,87.0,0.05,0.0,2024-11-26
208,70,70,76,20,71,55,60,92,14.875,63.0,55.0,6422.0,2024-11-28T09:13:59-08:00,2024-11-27T23:17:27-08:00,3720.0,82.0,2850.0,20790.0,False,47.0,0.0,0.0,4860.0,395.0,35792.0,29370.0,98.0,94.0,87.0,93.0,63.0,100.0,95.0,92.0,88.0,-0.32,-0.09,2024-11-27
209,71,96,74,17,96,49,56,85,15.25,55.5,45.0,6565.0,2024-11-29T09:03:58-08:00,2024-11-28T23:37:03-08:00,5430.0,81.0,3120.0,15090.0,False,50.0,0.0,0.0,6930.0,451.0,34015.0,27450.0,95.0,100.0,82.0,84.0,63.0,100.0,74.0,90.0,83.0,-0.02,-0.09,2024-11-28
210,88,96,99,97,96,50,79,97,14.75,54.5,55.0,2036.0,2024-11-30T08:10:04-08:00,2024-11-29T23:03:38-08:00,5670.0,94.0,840.0,17940.0,False,47.0,0.0,0.0,7140.0,559.0,32786.0,30750.0,99.0,96.0,87.0,91.0,100.0,46.0,95.0,97.0,89.0,0.11,0.0,2024-11-29
211,79,96,90,86,80,52,54,88,14.75,54.5,58.0,3960.0,2024-12-01T08:56:30-08:00,2024-11-30T23:59:30-08:00,5610.0,88.0,1170.0,17190.0,False,48.0,0.0,0.0,5460.0,446.0,32220.0,28260.0,92.0,100.0,85.0,87.0,85.0,57.0,88.0,92.0,84.0,-0.06,0.05,2024-11-30
214,71,70,74,62,82,67,100,64,15.125,54.25,49.0,5095.0,2024-12-02T06:32:29-08:00,2024-12-01T22:54:34-08:00,3720.0,81.0,1740.0,13080.0,False,50.0,2.0,0.0,5580.0,294.0,27475.0,22380.0,96.0,99.0,80.0,96.0,66.0,89.0,74.0,88.0,82.0,0.08,0.05,2024-12-01
215,78,78,81,94,76,75,55,80,14.75,57.875,49.0,5040.0,2024-12-05T08:58:03-08:00,2024-12-05T00:14:33-08:00,4140.0,84.0,1020.0,17040.0,False,49.0,0.0,0.0,5190.0,302.0,31410.0,26370.0,95.0,93.0,79.0,0.0,83.0,61.0,81.0,86.0,81.0,-0.35,,2024-12-04
216,88,95,96,97,95,57,72,96,14.5,57.25,47.0,2995.0,2024-12-06T08:30:29-08:00,2024-12-05T23:15:34-08:00,5100.0,91.0,960.0,18600.0,False,48.0,1.0,0.0,6600.0,446.0,33295.0,30300.0,93.0,96.0,78.0,89.0,100.0,21.0,88.0,92.0,83.0,0.11,-0.08,2024-12-05
218,85,96,88,83,96,59,54,98,14.5,55.25,56.0,4680.0,2024-12-07T09:45:00-08:00,2024-12-06T23:44:00-08:00,5460.0,87.0,570.0,18960.0,False,48.0,1.0,0.0,6960.0,469.0,36060.0,31380.0,93.0,100.0,83.0,87.0,98.0,100.0,88.0,91.0,90.0,0.02,0.01,2024-12-06
220,78,95,83,62,91,51,53,91,14.125,53.0,60.0,5130.0,2024-12-08T09:13:03-08:00,2024-12-07T23:42:03-08:00,5160.0,85.0,1740.0,17760.0,False,47.0,1.0,0.0,6210.0,449.0,34260.0,29130.0,87.0,97.0,82.0,96.0,80.0,100.0,96.0,92.0,89.0,-0.25,-0.02,2024-12-07
222,81,50,88,83,95,62,89,89,14.625,53.25,55.0,4435.0,2024-12-09T07:34:29-08:00,2024-12-08T22:25:34-08:00,2670.0,87.0,540.0,19350.0,False,48.0,0.0,0.0,6480.0,410.0,32935.0,28500.0,92.0,96.0,81.0,88.0,88.0,100.0,88.0,96.0,89.0,0.12,-0.01,2024-12-08
223,77,79,93,35,97,75,86,75,14.625,54.375,52.0,2970.0,2024-12-10T07:03:30-08:00,2024-12-09T23:17:30-08:00,4200.0,89.0,2340.0,13110.0,False,48.0,0.0,0.0,7680.0,333.0,27960.0,24990.0,87.0,100.0,84.0,89.0,78.0,90.0,88.0,92.0,86.0,-0.13,-0.01,2024-12-09
225,86,95,96,81,97,58,67,96,14.5,55.25,55.0,2878.0,2024-12-11T08:36:02-08:00,2024-12-10T23:18:34-08:00,5370.0,91.0,1290.0,17730.0,False,48.0,1.0,0.0,7470.0,466.0,33448.0,30570.0,85.0,100.0,86.0,78.0,100.0,100.0,88.0,100.0,91.0,-0.02,0.0,2024-12-10
226,63,96,79,16,64,62,65,61,14.875,57.5,46.0,4542.0,2024-12-12T07:27:43-08:00,2024-12-12T00:10:31-08:00,5610.0,83.0,3180.0,11700.0,False,52.0,0.0,0.0,4380.0,286.0,26232.0,21690.0,87.0,100.0,81.0,74.0,43.0,27.0,58.0,83.0,67.0,0.03,0.0,2024-12-11
228,81,88,90,86,63,59,60,95,15.25,59.875,48.0,4200.0,2024-12-13T09:05:28-08:00,2024-12-12T23:31:28-08:00,4650.0,88.0,630.0,21300.0,False,50.0,0.0,0.0,4290.0,418.0,34440.0,30240.0,86.0,97.0,85.0,83.0,91.0,100.0,74.0,98.0,87.0,0.1,0.07,2024-12-12
229,45,67,53,8,26,52,55,45,14.75,57.5,48.0,6840.0,2024-12-16T07:38:29-08:00,2024-12-16T00:49:29-08:00,3600.0,72.0,3750.0,12270.0,False,50.0,0.0,0.0,1830.0,232.0,24540.0,17700.0,88.0,100.0,76.0,76.0,1.0,60.0,74.0,74.0,65.0,-0.09,,2024-12-15
231,81,79,97,89,80,58,95,80,14.75,55.5,48.0,2305.0,2024-12-17T07:08:29-08:00,2024-12-16T23:10:34-08:00,4170.0,92.0,660.0,16740.0,False,48.0,2.0,0.0,5460.0,361.0,28675.0,26370.0,90.0,100.0,76.0,82.0,91.0,70.0,89.0,86.0,83.0,-0.11,-0.05,2024-12-16
232,78,80,69,56,98,51,48,100,14.875,57.625,51.0,9390.0,2024-12-18T10:36:03-08:00,2024-12-17T21:58:03-08:00,4260.0,79.0,1860.0,23760.0,False,50.0,0.0,0.0,8070.0,580.0,45480.0,36090.0,87.0,80.0,76.0,82.0,81.0,84.0,74.0,87.0,81.0,0.3,0.09,2024-12-17
233,80,95,86,97,96,57,59,79,14.625,56.625,45.0,4165.0,2024-12-19T08:45:29-08:00,2024-12-19T00:19:34-08:00,5220.0,86.0,840.0,13860.0,False,52.0,0.0,0.0,7110.0,365.0,30355.0,26190.0,90.0,100.0,69.0,85.0,84.0,51.0,59.0,71.0,73.0,-0.1,0.1,2024-12-18
234,88,96,86,78,97,61,79,100,14.875,59.0,54.0,5275.0,2024-12-20T09:15:00-08:00,2024-12-19T22:24:05-08:00,5910.0,86.0,450.0,20520.0,False,47.0,2.0,0.0,7350.0,534.0,39055.0,33780.0,90.0,77.0,79.0,85.0,100.0,73.0,98.0,97.0,89.0,0.34,0.19,2024-12-19
236,83,95,90,94,95,60,44,92,15.375,57.5,57.0,3870.0,2024-12-21T09:32:33-08:00,2024-12-21T00:21:33-08:00,5190.0,88.0,780.0,17490.0,False,48.0,0.0,0.0,6510.0,516.0,33060.0,29190.0,91.0,100.0,76.0,90.0,93.0,100.0,90.0,88.0,88.0,0.05,0.18,2024-12-20
237,69,95,60,1,88,62,43,89,14.75,56.375,53.0,9630.0,2024-12-22T09:31:29-08:00,2024-12-21T22:54:29-08:00,5070.0,75.0,6090.0,17520.0,False,49.0,0.0,0.0,6000.0,326.0,38220.0,28590.0,90.0,98.0,76.0,88.0,58.0,69.0,83.0,95.0,79.0,0.09,0.16,2024-12-21
239,80,95,74,97,98,62,64,79,14.125,55.0,57.0,5995.0,2024-12-24T09:04:58-08:00,2024-12-24T00:10:03-08:00,5160.0,81.0,870.0,13170.0,False,47.0,1.0,0.0,7770.0,302.0,32095.0,26100.0,87.0,98.0,85.0,69.0,86.0,100.0,98.0,94.0,88.0,0.08,0.13,2024-12-23
241,88,97,86,86,99,77,47,100,14.75,55.125,52.0,3570.0,2024-12-25T09:36:59-08:00,2024-12-25T00:14:59-08:00,5490.0,89.0,600.0,16710.0,False,48.0,1.0,0.0,7950.0,425.0,33720.0,30150.0,86.0,98.0,82.0,91.0,96.0,100.0,90.0,100.0,91.0,-0.21,0.0,2024-12-24
244,81,93,83,91,97,56,44,91,14.25,55.875,52.0,5000.0,2024-12-26T09:43:54-08:00,2024-12-26T00:18:04-08:00,4830.0,85.0,1080.0,16530.0,False,48.0,1.0,0.0,7590.0,456.0,33950.0,28950.0,89.0,100.0,85.0,89.0,88.0,100.0,90.0,93.0,89.0,-0.11,-0.06,2024-12-25
245,76,37,98,72,91,59,22,100,14.625,56.125,46.0,2289.0,2024-12-27T10:31:24-08:00,2024-12-27T00:55:45-08:00,1980.0,93.0,300.0,24060.0,False,50.0,0.0,0.0,6210.0,578.0,34539.0,32250.0,81.0,100.0,81.0,88.0,76.0,100.0,75.0,100.0,84.0,0.0,-0.04,2024-12-26
246,78,95,93,51,90,51,32,97,14.5,53.625,55.0,3678.0,2024-12-28T09:48:17-08:00,2024-12-28T00:10:29-08:00,5010.0,89.0,1950.0,19890.0,False,47.0,1.0,0.0,6090.0,477.0,34668.0,30990.0,89.0,98.0,86.0,94.0,81.0,100.0,98.0,98.0,91.0,-0.2,-0.05,2024-12-27
249,68,90,60,1,97,58,13,95,15.125,58.625,42.0,10170.0,2024-12-29T11:36:01-08:00,2024-12-29T00:30:01-08:00,4740.0,75.0,6150.0,17550.0,False,51.0,2.0,0.0,7500.0,440.0,39960.0,29790.0,76.0,98.0,74.0,34.0,57.0,100.0,68.0,100.0,74.0,0.09,0.0,2024-12-28
250,63,64,39,1,65,60,21,100,14.875,60.25,42.0,17040.0,2024-12-30T11:54:03-08:00,2024-12-29T22:09:03-08:00,3330.0,66.0,7650.0,24660.0,False,51.0,0.0,0.0,4470.0,584.0,49500.0,32460.0,80.0,100.0,78.0,68.0,47.0,100.0,69.0,100.0,76.0,-0.13,-0.01,2024-12-29
252,74,87,83,94,85,60,24,78,14.375,52.625,59.0,4590.0,2024-12-31T10:00:58-08:00,2024-12-31T01:33:58-08:00,4530.0,85.0,780.0,15510.0,False,46.0,1.0,0.0,5790.0,365.0,30420.0,25830.0,86.0,100.0,84.0,98.0,75.0,100.0,100.0,97.0,89.0,-0.01,0.0,2024-12-30
253,84,96,96,89,100,68,24,96,14.625,52.0,55.0,2965.0,2025-01-02T10:07:59-08:00,2025-01-02T00:51:04-08:00,6120.0,91.0,1140.0,15510.0,False,47.0,0.0,0.0,8820.0,381.0,33415.0,30450.0,80.0,100.0,80.0,0.0,98.0,82.0,99.0,100.0,89.0,-0.02,0.04,2025-01-01
254,79,82,96,67,77,70,23,96,14.875,56.625,49.0,3035.0,2025-01-03T10:26:33-08:00,2025-01-03T01:09:28-08:00,4320.0,91.0,180.0,20820.0,False,48.0,1.0,0.0,5250.0,374.0,33425.0,30390.0,84.0,94.0,75.0,91.0,87.0,86.0,91.0,100.0,87.0,-0.32,-0.12,2025-01-02
256,84,95,90,94,97,63,20,97,14.625,53.875,53.0,3480.0,2025-01-04T10:36:32-08:00,2025-01-04T01:46:32-08:00,4440.0,89.0,990.0,16620.0,False,46.0,1.0,0.0,7260.0,446.0,31800.0,28320.0,84.0,99.0,83.0,82.0,82.0,74.0,100.0,97.0,87.0,-0.16,-0.15,2025-01-03
258,80,96,79,81,99,60,23,96,14.75,53.75,47.0,6085.0,2025-01-05T10:34:58-08:00,2025-01-05T00:27:03-08:00,5760.0,83.0,480.0,16200.0,False,48.0,0.0,0.0,8430.0,441.0,36475.0,30390.0,82.0,95.0,77.0,84.0,88.0,100.0,90.0,100.0,88.0,0.12,-0.04,2025-01-04
259,64,73,88,75,39,63,95,51,14.875,54.5,51.0,2760.0,2025-01-06T06:20:30-08:00,2025-01-06T00:16:30-08:00,3810.0,87.0,360.0,12540.0,False,50.0,0.0,0.0,2730.0,220.0,21840.0,19080.0,88.0,97.0,82.0,90.0,50.0,60.0,75.0,83.0,75.0,0.1,0.09,2025-01-05
261,84,94,88,86,83,69,100,80,14.75,51.625,57.0,3925.0,2025-01-07T07:01:30-08:00,2025-01-06T22:37:35-08:00,4920.0,87.0,1200.0,15720.0,False,46.0,1.0,0.0,5670.0,352.0,30235.0,26310.0,88.0,100.0,84.0,85.0,98.0,100.0,100.0,94.0,91.0,0.06,0.12,2025-01-06
262,74,86,97,72,51,69,80,72,14.5,57.375,51.0,2010.0,2025-01-08T07:20:31-08:00,2025-01-08T00:02:31-08:00,4470.0,92.0,300.0,16260.0,False,47.0,0.0,0.0,3540.0,294.0,26280.0,24270.0,82.0,98.0,79.0,73.0,75.0,32.0,97.0,79.0,75.0,-0.2,0.0,2025-01-07
264,82,92,95,81,98,59,50,90,15.0,56.0,51.0,3090.0,2025-01-10T09:08:02-08:00,2025-01-10T00:19:02-08:00,4770.0,90.0,480.0,15990.0,False,49.0,0.0,0.0,7890.0,455.0,31740.0,28650.0,87.0,100.0,83.0,0.0,93.0,100.0,82.0,78.0,84.0,0.03,0.01,2025-01-09
265,80,96,90,17,100,61,65,97,14.75,52.75,61.0,4195.0,2025-01-11T08:39:58-08:00,2025-01-10T22:56:03-08:00,5610.0,88.0,3090.0,14940.0,False,46.0,0.0,0.0,10290.0,496.0,35035.0,30840.0,76.0,95.0,87.0,84.0,85.0,70.0,100.0,80.0,83.0,0.12,0.12,2025-01-10
266,74,74,86,78,97,52,41,81,14.5,53.75,62.0,4169.0,2025-01-12T09:12:29-08:00,2025-01-12T00:40:00-08:00,3900.0,86.0,1380.0,15450.0,False,46.0,0.0,0.0,7230.0,427.0,30749.0,26580.0,82.0,95.0,87.0,83.0,72.0,94.0,100.0,76.0,84.0,-0.29,-0.02,2025-01-11
267,69,65,79,94,66,61,95,56,15.0,62.75,57.0,4050.0,2025-01-13T06:21:32-08:00,2025-01-12T23:34:32-08:00,3390.0,83.0,990.0,12450.0,False,45.0,1.0,0.0,4530.0,237.0,24420.0,20370.0,75.0,100.0,88.0,85.0,63.0,72.0,100.0,73.0,79.0,-0.02,-0.06,2025-01-12
269,69,60,88,40,87,69,81,67,14.25,53.875,67.0,3450.0,2025-01-14T07:01:29-08:00,2025-01-13T23:40:29-08:00,3150.0,87.0,2220.0,13950.0,False,45.0,0.0,0.0,5910.0,230.0,26460.0,23010.0,87.0,96.0,92.0,84.0,63.0,82.0,100.0,76.0,82.0,-0.25,-0.13,2025-01-13
270,86,98,65,97,100,59,58,100,14.375,54.125,56.0,9990.0,2025-01-15T11:09:31-08:00,2025-01-14T23:17:31-08:00,7020.0,77.0,930.0,16980.0,False,45.0,0.0,0.0,8730.0,480.0,42720.0,32730.0,75.0,100.0,89.0,80.0,100.0,100.0,100.0,81.0,89.0,0.0,-0.07,2025-01-14
271,67,95,79,29,73,53,49,75,14.625,53.375,55.0,5075.0,2025-01-16T08:47:04-08:00,2025-01-16T00:25:59-08:00,5310.0,83.0,2460.0,14730.0,False,48.0,0.0,0.0,4950.0,381.0,30065.0,24990.0,88.0,100.0,92.0,90.0,57.0,87.0,85.0,66.0,79.0,-0.13,-0.07,2025-01-15
272,76,90,90,94,61,81,100,59,14.625,54.875,51.0,2760.0,2025-01-17T05:37:31-08:00,2025-01-16T23:02:01-08:00,4740.0,88.0,990.0,12060.0,False,49.0,0.0,0.0,4170.0,223.0,23730.0,20970.0,76.0,100.0,90.0,77.0,80.0,63.0,77.0,70.0,76.0,0.0,-0.02,2025-01-16
274,82,96,96,75,100,61,41,91,14.75,53.625,60.0,2880.0,2025-01-18T09:33:27-08:00,2025-01-18T00:41:27-08:00,5880.0,91.0,360.0,13050.0,False,47.0,0.0,0.0,10110.0,426.0,31920.0,29040.0,80.0,95.0,92.0,77.0,90.0,100.0,92.0,78.0,87.0,0.12,0.05,2025-01-17
276,78,92,72,83,96,68,58,80,14.75,52.375,67.0,6630.0,2025-01-19T09:21:31-08:00,2025-01-19T00:14:31-08:00,4800.0,80.0,1260.0,14490.0,False,44.0,1.0,0.0,6900.0,326.0,32820.0,26190.0,86.0,96.0,92.0,88.0,82.0,61.0,100.0,68.0,82.0,-0.25,-0.01,2025-01-18
277,81,97,76,83,98,56,40,95,15.0,56.0,51.0,6685.0,2025-01-20T10:20:57-08:00,2025-01-20T00:07:32-08:00,6240.0,82.0,1230.0,15840.0,False,48.0,0.0,0.0,8040.0,419.0,36805.0,30120.0,80.0,94.0,89.0,82.0,90.0,100.0,84.0,78.0,85.0,0.13,0.0,2025-01-19
278,69,65,86,72,82,74,76,56,14.625,53.25,54.0,3330.0,2025-01-21T07:00:58-08:00,2025-01-21T00:25:58-08:00,3390.0,86.0,1500.0,11430.0,False,49.0,0.0,0.0,5550.0,323.0,23700.0,20370.0,81.0,100.0,91.0,0.0,63.0,72.0,76.0,66.0,74.0,-0.15,-0.02,2025-01-20
280,73,86,79,67,83,64,68,70,14.5,55.125,60.0,4860.0,2025-01-22T08:06:03-08:00,2025-01-22T00:10:03-08:00,4500.0,83.0,1620.0,13500.0,False,48.0,0.0,0.0,5700.0,308.0,28560.0,23700.0,85.0,100.0,91.0,77.0,73.0,91.0,84.0,75.0,81.0,0.04,0.01,2025-01-21
282,74,78,93,59,85,59,100,66,15.25,56.875,57.0,2845.0,2025-01-23T05:36:28-08:00,2025-01-22T22:30:33-08:00,4080.0,89.0,1770.0,12840.0,False,47.0,0.0,0.0,5790.0,303.0,25555.0,22710.0,80.0,94.0,89.0,78.0,73.0,4.0,91.0,68.0,72.0,0.13,0.07,2025-01-22
283,68,80,74,46,53,60,93,71,15.0,57.625,52.0,5518.0,2025-01-24T07:18:31-08:00,2025-01-23T23:06:33-08:00,4200.0,81.0,2100.0,16140.0,False,51.0,0.0,0.0,3660.0,285.0,29518.0,24000.0,86.0,100.0,89.0,75.0,60.0,70.0,61.0,67.0,72.0,0.0,0.09,2025-01-23
